{"epoch": 0, "time_epoch": 14.52123, "eta": 2889.72524, "eta_hours": 0.8027, "loss": 0.36222611, "lr": 0.01, "params": 508210, "time_iter": 0.17084, "accuracy": 0.16463, "ap": 0.22201, "auc": 0.60125, "trivial_loss": 0.7516854915219376}
{"epoch": 1, "time_epoch": 13.10565, "eta": 2735.06114, "eta_hours": 0.75974, "loss": 0.3260236, "lr": 0.00999938, "params": 508210, "time_iter": 0.15418, "accuracy": 0.16463, "ap": 0.26797, "auc": 0.64661, "trivial_loss": 0.7516922538889854}
{"epoch": 2, "time_epoch": 13.08782, "eta": 2673.59891, "eta_hours": 0.74267, "loss": 0.32417911, "lr": 0.00999753, "params": 508210, "time_iter": 0.15397, "accuracy": 0.16463, "ap": 0.27338, "auc": 0.6598, "trivial_loss": 0.751696577821409}
{"epoch": 3, "time_epoch": 14.09294, "eta": 2685.57456, "eta_hours": 0.74599, "loss": 0.31666222, "lr": 0.00999445, "params": 508210, "time_iter": 0.1658, "accuracy": 0.16463, "ap": 0.29555, "auc": 0.68794, "trivial_loss": 0.751688331384772}
{"epoch": 4, "time_epoch": 14.01116, "eta": 2683.93339, "eta_hours": 0.74554, "loss": 0.3139179, "lr": 0.00999013, "params": 508210, "time_iter": 0.16484, "accuracy": 0.16463, "ap": 0.29937, "auc": 0.70393, "trivial_loss": 0.7516991789257867}
{"epoch": 5, "time_epoch": 13.9974, "eta": 2677.72385, "eta_hours": 0.74381, "loss": 0.3100675, "lr": 0.00998459, "params": 508210, "time_iter": 0.16468, "accuracy": 0.16463, "ap": 0.31402, "auc": 0.71183, "trivial_loss": 0.7516933800566112}
{"epoch": 6, "time_epoch": 14.00584, "eta": 2669.52204, "eta_hours": 0.74153, "loss": 0.30786607, "lr": 0.00997781, "params": 508210, "time_iter": 0.16477, "accuracy": 0.16463, "ap": 0.32381, "auc": 0.71787, "trivial_loss": 0.7516816690020077}
{"epoch": 7, "time_epoch": 13.78832, "eta": 2654.64878, "eta_hours": 0.7374, "loss": 0.30545516, "lr": 0.0099698, "params": 508210, "time_iter": 0.16222, "accuracy": 0.16463, "ap": 0.32946, "auc": 0.7231, "trivial_loss": 0.751685787116682}
{"epoch": 8, "time_epoch": 13.80279, "eta": 2640.32368, "eta_hours": 0.73342, "loss": 0.30163531, "lr": 0.00996057, "params": 508210, "time_iter": 0.16239, "accuracy": 0.16463, "ap": 0.34033, "auc": 0.73616, "trivial_loss": 0.751702580880211}
{"epoch": 9, "time_epoch": 13.76323, "eta": 2625.3513, "eta_hours": 0.72926, "loss": 0.30001249, "lr": 0.00995012, "params": 508210, "time_iter": 0.16192, "accuracy": 0.16463, "ap": 0.34054, "auc": 0.7396, "trivial_loss": 0.7516927972653856}
{"epoch": 10, "time_epoch": 16.22683, "eta": 2652.92788, "eta_hours": 0.73692, "loss": 0.29822322, "lr": 0.00993844, "params": 508210, "time_iter": 0.1909, "accuracy": 0.16463, "ap": 0.34612, "auc": 0.74191, "trivial_loss": 0.7516933157265729}
{"epoch": 11, "time_epoch": 20.74797, "eta": 2744.03518, "eta_hours": 0.76223, "loss": 0.29706977, "lr": 0.00992555, "params": 508210, "time_iter": 0.24409, "accuracy": 0.16463, "ap": 0.34363, "auc": 0.74495, "trivial_loss": 0.751685310997652}
{"epoch": 12, "time_epoch": 15.31549, "eta": 2739.78975, "eta_hours": 0.76105, "loss": 0.30005732, "lr": 0.00991144, "params": 508210, "time_iter": 0.18018, "accuracy": 0.16463, "ap": 0.34252, "auc": 0.74218, "trivial_loss": 0.751697671284049}
{"epoch": 13, "time_epoch": 15.15119, "eta": 2731.78008, "eta_hours": 0.75883, "loss": 0.29711196, "lr": 0.00989611, "params": 508210, "time_iter": 0.17825, "accuracy": 0.16463, "ap": 0.35235, "auc": 0.75433, "trivial_loss": 0.7516921853433699}
{"epoch": 14, "time_epoch": 14.10305, "eta": 2709.89114, "eta_hours": 0.75275, "loss": 0.29459655, "lr": 0.00987958, "params": 508210, "time_iter": 0.16592, "accuracy": 0.16463, "ap": 0.35419, "auc": 0.75683, "trivial_loss": 0.7516960066189096}
{"epoch": 15, "time_epoch": 14.37782, "eta": 2692.13532, "eta_hours": 0.74782, "loss": 0.29171931, "lr": 0.00986185, "params": 508210, "time_iter": 0.16915, "accuracy": 0.16463, "ap": 0.35683, "auc": 0.76253, "trivial_loss": 0.7516945109002934}
{"epoch": 16, "time_epoch": 14.04379, "eta": 2671.18118, "eta_hours": 0.74199, "loss": 0.2891496, "lr": 0.00984292, "params": 508210, "time_iter": 0.16522, "accuracy": 0.16463, "ap": 0.36588, "auc": 0.76719, "trivial_loss": 0.7516924950156207}
{"epoch": 17, "time_epoch": 13.94054, "eta": 2649.95085, "eta_hours": 0.7361, "loss": 0.29607064, "lr": 0.00982279, "params": 508210, "time_iter": 0.16401, "accuracy": 0.16463, "ap": 0.35012, "auc": 0.75289, "trivial_loss": 0.7516912688911208}
{"epoch": 18, "time_epoch": 15.44732, "eta": 2643.84196, "eta_hours": 0.7344, "loss": 0.29108684, "lr": 0.00980147, "params": 508210, "time_iter": 0.18173, "accuracy": 0.16463, "ap": 0.36457, "auc": 0.76054, "trivial_loss": 0.7516752300338759}
{"epoch": 19, "time_epoch": 14.91284, "eta": 2631.98891, "eta_hours": 0.73111, "loss": 0.28926372, "lr": 0.00977897, "params": 508210, "time_iter": 0.17545, "accuracy": 0.16463, "ap": 0.36648, "auc": 0.76908, "trivial_loss": 0.7516987595224429}
{"epoch": 20, "time_epoch": 14.40508, "eta": 2615.51638, "eta_hours": 0.72653, "loss": 0.29301886, "lr": 0.00975528, "params": 508210, "time_iter": 0.16947, "accuracy": 0.16463, "ap": 0.35759, "auc": 0.75663, "trivial_loss": 0.7517041859845607}
{"epoch": 21, "time_epoch": 14.04328, "eta": 2596.30453, "eta_hours": 0.7212, "loss": 0.29176035, "lr": 0.00973043, "params": 508210, "time_iter": 0.16522, "accuracy": 0.16463, "ap": 0.3627, "auc": 0.7601, "trivial_loss": 0.7516878837441867}
{"epoch": 22, "time_epoch": 14.55856, "eta": 2581.50752, "eta_hours": 0.71709, "loss": 0.29040464, "lr": 0.0097044, "params": 508210, "time_iter": 0.17128, "accuracy": 0.16463, "ap": 0.36781, "auc": 0.76802, "trivial_loss": 0.7516969354163863}
{"epoch": 23, "time_epoch": 14.0646, "eta": 2563.10804, "eta_hours": 0.71197, "loss": 0.28828579, "lr": 0.00967722, "params": 508210, "time_iter": 0.16547, "accuracy": 0.16463, "ap": 0.36825, "auc": 0.76842, "trivial_loss": 0.751685518399669}
{"epoch": 24, "time_epoch": 14.05321, "eta": 2544.97562, "eta_hours": 0.70694, "loss": 0.2877952, "lr": 0.00964888, "params": 508210, "time_iter": 0.16533, "accuracy": 0.16463, "ap": 0.37252, "auc": 0.7684, "trivial_loss": 0.7516972793340354}
{"epoch": 25, "time_epoch": 14.1978, "eta": 2528.12462, "eta_hours": 0.70226, "loss": 0.28877355, "lr": 0.0096194, "params": 508210, "time_iter": 0.16703, "accuracy": 0.16463, "ap": 0.36709, "auc": 0.76968, "trivial_loss": 0.7516929554345032}
{"epoch": 26, "time_epoch": 14.15419, "eta": 2511.19075, "eta_hours": 0.69755, "loss": 0.28750136, "lr": 0.00958877, "params": 508210, "time_iter": 0.16652, "accuracy": 0.16463, "ap": 0.37637, "auc": 0.76954, "trivial_loss": 0.7516992200948185}
{"epoch": 27, "time_epoch": 14.02445, "eta": 2493.65844, "eta_hours": 0.69268, "loss": 0.28743011, "lr": 0.00955702, "params": 508210, "time_iter": 0.16499, "accuracy": 0.16463, "ap": 0.3732, "auc": 0.77022, "trivial_loss": 0.7516851454005666}
{"epoch": 28, "time_epoch": 14.29055, "eta": 2477.93708, "eta_hours": 0.68832, "loss": 0.28811872, "lr": 0.00952414, "params": 508210, "time_iter": 0.16812, "accuracy": 0.16463, "ap": 0.37127, "auc": 0.76784, "trivial_loss": 0.7516870367091746}
{"epoch": 29, "time_epoch": 14.14149, "eta": 2461.46643, "eta_hours": 0.68374, "loss": 0.28840678, "lr": 0.00949014, "params": 508210, "time_iter": 0.16637, "accuracy": 0.16463, "ap": 0.37325, "auc": 0.76876, "trivial_loss": 0.7516921100385777}
{"epoch": 30, "time_epoch": 14.24905, "eta": 2445.73247, "eta_hours": 0.67937, "loss": 0.29020601, "lr": 0.00945503, "params": 508210, "time_iter": 0.16764, "accuracy": 0.16463, "ap": 0.36949, "auc": 0.76474, "trivial_loss": 0.7516945602209031}
{"epoch": 31, "time_epoch": 14.09915, "eta": 2429.30435, "eta_hours": 0.67481, "loss": 0.28648314, "lr": 0.00941883, "params": 508210, "time_iter": 0.16587, "accuracy": 0.16463, "ap": 0.37825, "auc": 0.76865, "trivial_loss": 0.7516889725252883}
