{"epoch": 0, "time_epoch": 12.28657, "eta": 6131.00037, "eta_hours": 1.70306, "loss": 0.49870226, "lr": NaN, "params": 509645, "time_iter": 0.14455, "mae": 0.4987, "r2": 0.28902, "spearmanr": 0.6405, "pearson": -1.0, "mse": 0.71881, "rmse": 0.84329, "trivial_loss": 0.6771085515836229}
{"epoch": 1, "time_epoch": 11.1712, "eta": 5840.98606, "eta_hours": 1.6225, "loss": 0.43767853, "lr": NaN, "params": 509645, "time_iter": 0.13143, "mae": 0.43768, "r2": 0.4362, "spearmanr": 0.73935, "pearson": -1.0, "mse": 0.56999, "rmse": 0.74719, "trivial_loss": 0.6769316671447856}
{"epoch": 2, "time_epoch": 11.77275, "eta": 5836.52345, "eta_hours": 1.62126, "loss": 0.42834673, "lr": NaN, "params": 509645, "time_iter": 0.1385, "mae": 0.42835, "r2": 0.44666, "spearmanr": 0.76203, "pearson": -1.0, "mse": 0.55942, "rmse": 0.7397, "trivial_loss": 0.6768484810101869}
{"epoch": 3, "time_epoch": 11.85185, "eta": 5838.21489, "eta_hours": 1.62173, "loss": 0.4176332, "lr": NaN, "params": 509645, "time_iter": 0.13943, "mae": 0.41763, "r2": 0.46411, "spearmanr": 0.78283, "pearson": -1.0, "mse": 0.54181, "rmse": 0.72775, "trivial_loss": 0.6771386268605285}
{"epoch": 4, "time_epoch": 11.86513, "eta": 5835.80309, "eta_hours": 1.62106, "loss": 0.41722181, "lr": NaN, "params": 509645, "time_iter": 0.13959, "mae": 0.41722, "r2": 0.4663, "spearmanr": 0.78436, "pearson": -1.0, "mse": 0.53959, "rmse": 0.72622, "trivial_loss": 0.6771561055703972}
{"epoch": 5, "time_epoch": 11.85796, "eta": 5829.64973, "eta_hours": 1.61935, "loss": 0.41530118, "lr": NaN, "params": 509645, "time_iter": 0.13951, "mae": 0.4153, "r2": 0.47395, "spearmanr": 0.77998, "pearson": -1.0, "mse": 0.53187, "rmse": 0.72066, "trivial_loss": 0.6765840815432123}
